{"meta": {"version": "7.1.0", "timestamp": "2023-05-02T15:49:51.310687", "branch_coverage": false, "show_contexts": false}, "files": {"game1.py": {"executed_lines": [1, 2, 5], "summary": {"covered_lines": 3, "num_statements": 23, "percent_covered": 13.043478260869565, "percent_covered_display": "13", "missing_lines": 20, "excluded_lines": 0}, "missing_lines": [3, 6, 7, 8, 9, 10, 12, 13, 14, 15, 16, 17, 18, 19, 20, 21, 22, 23, 24, 25], "excluded_lines": []}, "game2.py": {"executed_lines": [1, 2, 3, 4, 5, 6, 8, 9, 11, 15, 17, 18, 19, 20, 21, 23, 27, 29, 30, 34, 53], "summary": {"covered_lines": 21, "num_statements": 40, "percent_covered": 52.5, "percent_covered_display": "52", "missing_lines": 19, "excluded_lines": 0}, "missing_lines": [31, 32, 39, 40, 41, 43, 44, 45, 46, 47, 48, 49, 50, 51, 57, 60, 61, 62, 63], "excluded_lines": []}, "player.py": {"executed_lines": [1, 2, 3, 4, 5, 6, 8, 9, 11, 12, 14], "summary": {"covered_lines": 11, "num_statements": 12, "percent_covered": 91.66666666666667, "percent_covered_display": "92", "missing_lines": 1, "excluded_lines": 0}, "missing_lines": [15], "excluded_lines": []}, "testSuite.py": {"executed_lines": [1, 2, 3, 4, 5, 7, 8, 9, 20, 21, 22, 23, 24, 26, 27, 28, 29, 31, 32, 33, 68, 69, 70, 71, 72, 73, 75, 76, 77, 78, 79, 80, 82, 83, 94, 95, 96, 98, 99, 100, 101, 103, 104, 105, 107, 108, 109, 111, 112, 113, 115, 116, 126], "summary": {"covered_lines": 53, "num_statements": 66, "percent_covered": 80.3030303030303, "percent_covered_display": "80", "missing_lines": 13, "excluded_lines": 0}, "missing_lines": [84, 85, 86, 117, 118, 119, 120, 121, 122, 123, 124, 125, 127], "excluded_lines": []}}, "totals": {"covered_lines": 88, "num_statements": 141, "percent_covered": 62.4113475177305, "percent_covered_display": "62", "missing_lines": 53, "excluded_lines": 0}}